Unnamed: 0, QAM - request template,Unnamed: 2,Unnamed: 3,Unnamed: 4,Unnamed: 5,Unnamed: 6,Unnamed: 7,Unnamed: 8,Unnamed: 9,Unnamed: 10
,,,,,,,,,,
,,,,,,,,,,
,,,,,,,,,,
,,,,,,,,,Hints:,- preferred language: German
,,,Requester:,,,,,,,- fill out all yellow fields
,,,Department:,,,,,,,"- send the form to: ""PS-ECNE2Q-ChampionPS-ECNE2"""
,,,Phone:,,,,,,,
,,,Date:,,,,,,,
,,,,,,,,,,
,,What is requested?,,,,,,,,
,,,,,,,,,,
,,,,,,,,,,
,,,,,,,,,,
,,,,,,,,,,
,,Why is this needed?,,,,,,,,
,,,,,,,,,,
,,,,,,,,,,
,,,,,,,,,,
,,,,,,,,,,
,,Implementation suggestion:,,,,,,,,
,,"(querry, code, …)",,,,,,,,
,,,,,,,,,,
,,,,,,,,,,
,,,,,,,,,,
,,,,,,,,,,
,,,,,,,,,,
,,,,,,,,,,
,,,,,,,,,,
,,Administrative information:,,Date of decision:,,,,,,
,,,,Priority:,,,,,,
,,Request No.,,Date of ranking:,,,,,,
,,,,Ranking:,,,,,,
,,,,Date of Implementation:,,,,,,
